Wall time,Step,Value
1607884357.1555676,300,1.002741813659668
1607884754.1910338,600,0.49725136160850525
1607885147.7916787,900,0.3711491525173187
1607885540.6985664,1200,0.30411964654922485
1607885933.7585704,1500,0.29075273871421814
