Wall time,Step,Value
1607856377.5044506,300,1.0918078422546387
1607856761.160974,600,0.590179979801178
1607857134.126651,900,0.39605116844177246
1607857507.6809454,1200,0.3105026185512543
