Wall time,Step,Value
1607856377.5045388,300,0.6714333295822144
1607856761.1610708,600,0.8369999527931213
1607857134.1267412,900,0.8913333415985107
1607857507.6810403,1200,0.9156333208084106
