Wall time,Step,Value
1607854359.1391273,300,0.9264249801635742
1607854661.2128594,600,0.6253198385238647
1607854964.2590535,900,0.42715978622436523
1607855259.5801282,1200,0.33372941613197327
1607855555.9023626,1500,0.3030042052268982
