Wall time,Step,Value
1607854359.1392908,300,0.6770333051681519
1607854661.2129607,600,0.8025333285331726
1607854964.259142,900,0.8698332905769348
1607855259.5802276,1200,0.9049666523933411
1607855555.9024484,1500,0.9126666188240051
