Wall time,Step,Value
1607762221.1796284,300,0.6897000074386597
1607762508.7809427,600,0.8542333245277405
1607762797.7666035,900,0.8986999988555908
