Wall time,Step,Value
1607884357.155672,300,0.6280333399772644
1607884754.191118,600,0.8542666435241699
1607885147.7917633,900,0.8943666219711304
1607885540.6986847,1200,0.912233293056488
1607885933.7586563,1500,0.9168999791145325
