Wall time,Step,Value
1607884357.1557012,300,0.9788333177566528
1607884754.1911447,600,0.9913333058357239
1607885147.7917979,900,0.9938666224479675
1607885540.6987107,1200,0.995033323764801
1607885933.758682,1500,0.9952999949455261
